INSERT INTO `SESSION` (`ID`,`TITLE`) VALUES (1,'Práticas pedagógicas digitais no contexto de pandemia');
INSERT INTO `SESSION` (`ID`,`TITLE`) VALUES (2,'Caracterização das atividades');
INSERT INTO `SESSION` (`ID`,`TITLE`) VALUES (3,'Conhecimento pedagógico');
INSERT INTO `SESSION` (`ID`,`TITLE`) VALUES (4,'Conhecimento de conteúdo');
INSERT INTO `SESSION` (`ID`,`TITLE`) VALUES (5,'Conhecimento em tecnologia');
INSERT INTO `SESSION` (`ID`,`TITLE`) VALUES (6,'Conhecimento pedagógico do conteúdo');
INSERT INTO `SESSION` (`ID`,`TITLE`) VALUES (7,'Conhecimento pedagógico tecnológico ');
INSERT INTO `SESSION` (`ID`,`TITLE`) VALUES (8,'Conhecimento do conteúdo tecnológico');
INSERT INTO `SESSION` (`ID`,`TITLE`) VALUES (9,'Conhecimento pedagógico tecnológico do conteúdo');
INSERT INTO `SESSION` (`ID`,`TITLE`) VALUES (10,'Uso de Tecnologia Digital de Informação e Comunicação ');
INSERT INTO `SESSION` (`ID`,`TITLE`) VALUES (11,'Caracterização do respondente');
INSERT INTO `SESSION` (`ID`,`TITLE`) VALUES (12,'Encerramento');

INSERT INTO `QUESTION` (`ID`,`NOTE`,`TEXT`,`TYPE`,`SESSION_ID`) VALUES (1,NULL,'Esta pesquisa aborda as práticas pedagógicas e os impactos causados pela pandemia. Ao responder essa pesquisa, você contribui com a identificação de práticas utilizadas neste período e impacto que estas sofreram, identificando o surgimento de novas abordagens e adaptação de outras consolidadas entre professores e estudantes. <br/><br/>\r\nO tempo de preenchimento é de aproximadamente <b>8 minutos</b>. Os seus dados de identificação não serão coletados e suas respostas serão confidenciais, permanecerão em sigilo de pesquisa e não serão divulgadas individualmente. <br/><br/>\r\nO termo de consentimento livre e esclarecido se encontra disponível <a href=\"https://drive.google.com/file/d/1gENXo26_iqWtOCE3c7b-vvJ8zY0Q6A3c/view?usp=sharing\" target="_blank">aqui</a>, ao clicar em prosseguir você aceita os termos de coleta dessa pesquisa.<br/><br/>\r\nO IFRS e seus pesquisadores agradecem a sua contribuição!',7,1);
INSERT INTO `QUESTION` (`ID`,`NOTE`,`TEXT`,`TYPE`,`SESSION_ID`) VALUES (2,'Nota: você pode marcar mais de uma alternativa','Qual o âmbito da instituição de ensino que você leciona?',2,2);
INSERT INTO `QUESTION` (`ID`,`NOTE`,`TEXT`,`TYPE`,`SESSION_ID`) VALUES (3,'Nota: você pode marcar mais de uma alternativa','Qual o nível de ensino que você atua? ',2,2);
INSERT INTO `QUESTION` (`ID`,`NOTE`,`TEXT`,`TYPE`,`SESSION_ID`) VALUES (4,NULL,'Sobre a sua formação, selecione todas as concluídas:',9,2);
INSERT INTO `QUESTION` (`ID`,`NOTE`,`TEXT`,`TYPE`,`SESSION_ID`) VALUES (5,NULL,'Qual a área da sua última formação? ',3,2);
INSERT INTO `QUESTION` (`ID`,`NOTE`,`TEXT`,`TYPE`,`SESSION_ID`) VALUES (6,NULL,'Qual o ano da sua última formação?',4,2);
INSERT INTO `QUESTION` (`ID`,`NOTE`,`TEXT`,`TYPE`,`SESSION_ID`) VALUES (7,'1 para discordo totalmente e 5 para concordo totalmente','Posso adaptar minha abordagem de ensino com base no que os estudantes atualmente entendem',1,3);
INSERT INTO `QUESTION` (`ID`,`NOTE`,`TEXT`,`TYPE`,`SESSION_ID`) VALUES (8,NULL,'Posso adaptar meu método de ensino para diferentes estudantes',1,3);
INSERT INTO `QUESTION` (`ID`,`NOTE`,`TEXT`,`TYPE`,`SESSION_ID`) VALUES (9,NULL,'Posso usar uma ampla variedade de abordagens de ensino em sala de aula',1,3);
INSERT INTO `QUESTION` (`ID`,`NOTE`,`TEXT`,`TYPE`,`SESSION_ID`) VALUES (10,NULL,'Posso avaliar a aprendizagem dos estudantes de várias maneiras',1,3);
INSERT INTO `QUESTION` (`ID`,`NOTE`,`TEXT`,`TYPE`,`SESSION_ID`) VALUES (11,'1 para discordo totalmente e 5 para concordo totalmente','Tenho conhecimento suficiente sobre o meu conteúdo de ensino',1,4);
INSERT INTO `QUESTION` (`ID`,`NOTE`,`TEXT`,`TYPE`,`SESSION_ID`) VALUES (12,NULL,'Posso empregar uma maneira específica de pensar no meu conteúdo de ensino',1,4);
INSERT INTO `QUESTION` (`ID`,`NOTE`,`TEXT`,`TYPE`,`SESSION_ID`) VALUES (13,NULL,'Conheço as teorias e conceitos básicos do meu conteúdo de ensino',1,4);
INSERT INTO `QUESTION` (`ID`,`NOTE`,`TEXT`,`TYPE`,`SESSION_ID`) VALUES (14,NULL,'Conheço a história e o desenvolvimento de teorias importantes do meu conteúdo de ensino',1,4);
INSERT INTO `QUESTION` (`ID`,`NOTE`,`TEXT`,`TYPE`,`SESSION_ID`) VALUES (15,'1 para discordo totalmente e 5 para concordo totalmente','Acompanho novas tecnologias importantes',1,5);
INSERT INTO `QUESTION` (`ID`,`NOTE`,`TEXT`,`TYPE`,`SESSION_ID`) VALUES (16,NULL,'Frequentemente uso tecnologia',1,5);
INSERT INTO `QUESTION` (`ID`,`NOTE`,`TEXT`,`TYPE`,`SESSION_ID`) VALUES (17,NULL,'Conheço muitas tecnologias diferentes',1,5);
INSERT INTO `QUESTION` (`ID`,`NOTE`,`TEXT`,`TYPE`,`SESSION_ID`) VALUES (18,NULL,'Tenho habilidades técnicas necessárias para usar tecnologia',1,5);
INSERT INTO `QUESTION` (`ID`,`NOTE`,`TEXT`,`TYPE`,`SESSION_ID`) VALUES (19,'1 para discordo totalmente e 5 para concordo totalmente','Eu sei como selecionar abordagens de ensino eficazes para orientar o pensamento e a aprendizagem do meu conteúdo de ensino',1,6);
INSERT INTO `QUESTION` (`ID`,`NOTE`,`TEXT`,`TYPE`,`SESSION_ID`) VALUES (20,NULL,'Eu sei como desenvolver tarefas apropriadas para possibilitar aos estudantes um pensamento complexo do meu conteúdo de ensino',1,6);
INSERT INTO `QUESTION` (`ID`,`NOTE`,`TEXT`,`TYPE`,`SESSION_ID`) VALUES (21,NULL,'Eu sei como desenvolver exercícios com os quais os estudantes podem consolidar seus conhecimentos sobre o meu conteúdo de ensino',1,6);
INSERT INTO `QUESTION` (`ID`,`NOTE`,`TEXT`,`TYPE`,`SESSION_ID`) VALUES (22,NULL,'Eu sei como avaliar o desempenho dos estudantes no meu conteúdo de ensino',1,6);
INSERT INTO `QUESTION` (`ID`,`NOTE`,`TEXT`,`TYPE`,`SESSION_ID`) VALUES (23,'1 para discordo totalmente e 5 para concordo totalmente','Posso escolher tecnologias que aprimorem as abordagens de ensino para uma aula',1,7);
INSERT INTO `QUESTION` (`ID`,`NOTE`,`TEXT`,`TYPE`,`SESSION_ID`) VALUES (24,NULL,'Posso escolher tecnologias que aprimoram o aprendizado dos estudantes para uma aula',1,7);
INSERT INTO `QUESTION` (`ID`,`NOTE`,`TEXT`,`TYPE`,`SESSION_ID`) VALUES (25,NULL,'Posso adaptar o uso das tecnologias que estou aprendendo a diferentes atividades de ensino',1,7);
INSERT INTO `QUESTION` (`ID`,`NOTE`,`TEXT`,`TYPE`,`SESSION_ID`) VALUES (26,NULL,'Estou pensando criticamente sobre como usar tecnologia na minha sala de aula',1,7);
INSERT INTO `QUESTION` (`ID`,`NOTE`,`TEXT`,`TYPE`,`SESSION_ID`) VALUES (27,'1 para discordo totalmente e 5 para concordo totalmente','Eu sei como os desenvolvimentos tecnológicos mudaram a área do meu assunto',1,8);
INSERT INTO `QUESTION` (`ID`,`NOTE`,`TEXT`,`TYPE`,`SESSION_ID`) VALUES (28,NULL,'Posso explicar quais tecnologias foram usadas em pesquisas na minha área',1,8);
INSERT INTO `QUESTION` (`ID`,`NOTE`,`TEXT`,`TYPE`,`SESSION_ID`) VALUES (29,NULL,'Eu sei quais novas tecnologias estão sendo desenvolvidas atualmente na área do meu assunto',1,8);
INSERT INTO `QUESTION` (`ID`,`NOTE`,`TEXT`,`TYPE`,`SESSION_ID`) VALUES (30,NULL,'Eu sei como usar tecnologias para participar de debates científicos na minha área',1,8);
INSERT INTO `QUESTION` (`ID`,`NOTE`,`TEXT`,`TYPE`,`SESSION_ID`) VALUES (31,'1 para discordo totalmente e 5 para concordo totalmente','Posso usar estratégias que combinam conteúdo, tecnologias e abordagens de ensino que aprendi em meus cursos na sala de aula',1,9);
INSERT INTO `QUESTION` (`ID`,`NOTE`,`TEXT`,`TYPE`,`SESSION_ID`) VALUES (32,NULL,'Posso escolher tecnologias que aprimoram o conteúdo de uma aula',1,9);
INSERT INTO `QUESTION` (`ID`,`NOTE`,`TEXT`,`TYPE`,`SESSION_ID`) VALUES (33,NULL,'Posso selecionar tecnologias para uso em minha sala de aula que aprimoram o que eu ensino, como ensino e o que os estudantes aprendem',1,9);
INSERT INTO `QUESTION` (`ID`,`NOTE`,`TEXT`,`TYPE`,`SESSION_ID`) VALUES (34,NULL,'Posso ensinar lições que combinam adequadamente o meu conteúdo de ensino, tecnologias e abordagens de ensino',1,9);
INSERT INTO `QUESTION` (`ID`,`NOTE`,`TEXT`,`TYPE`,`SESSION_ID`) VALUES (35,'1 para discordo totalmente e 5 para concordo totalmente','A exposição durante o período pandêmico à Tecnologia Digital de Informação e Comunicação alterou significativamente as suas atividades pedagógicas',1,10);
INSERT INTO `QUESTION` (`ID`,`NOTE`,`TEXT`,`TYPE`,`SESSION_ID`) VALUES (36,NULL,'As Tecnologias Digitais de Informação e Comunicação utilizadas na prática docente, proporcionaram melhorias nos processos pedagógicos',1,10);
INSERT INTO `QUESTION` (`ID`,`NOTE`,`TEXT`,`TYPE`,`SESSION_ID`) VALUES (37,NULL,'As Tecnologias Digitais de Informação e Comunicação utilizadas na prática docente, proporcionaram maior engajamento dos estudantes',1,10);
INSERT INTO `QUESTION` (`ID`,`NOTE`,`TEXT`,`TYPE`,`SESSION_ID`) VALUES (38,NULL,'Você acredita que alguma de suas práticas pedagógicas no pós-pandemia permanecerão com as alterações tecnológicas realizadas durante o período de pandemia?',3,10);
INSERT INTO `QUESTION` (`ID`,`NOTE`,`TEXT`,`TYPE`,`SESSION_ID`) VALUES (39,'<span class="font-weight-bold">Nota:</span> você pode marcar mais de uma alternativa','Assinale as opções de ferramentas on-line utilizadas nas práticas pedagógicas durante a pandemia que você pretende continuar aplicando no pós-pandemia',2,10);
INSERT INTO `QUESTION` (`ID`,`NOTE`,`TEXT`,`TYPE`,`SESSION_ID`) VALUES (40,NULL,'Gênero',3,11);
INSERT INTO `QUESTION` (`ID`,`NOTE`,`TEXT`,`TYPE`,`SESSION_ID`) VALUES (41,NULL,'Idade (em anos)',5,11);
INSERT INTO `QUESTION` (`ID`,`NOTE`,`TEXT`,`TYPE`,`SESSION_ID`) VALUES (42,NULL,'Região: estado e município',6,11);
INSERT INTO `QUESTION` (`ID`,`NOTE`,`TEXT`,`TYPE`,`SESSION_ID`) VALUES (43,NULL,'Se desejar fazer algum comentário sobre a pesquisa ou fornecer alguma informação que julgar pertinente, utilize esse espaço. Certamente será de grande relevância para a nossa pesquisa.',7,12);
INSERT INTO `QUESTION` (`ID`,`NOTE`,`TEXT`,`TYPE`,`SESSION_ID`) VALUES (44,NULL,'Comentários ',10,12);
INSERT INTO `QUESTION` (`ID`,`NOTE`,`TEXT`,`TYPE`,`SESSION_ID`) VALUES (45,NULL,'',8,12);

INSERT INTO `CHOICE` (`ID`,`LEVEL`,`NEXTLEVEL`,`TEXT`,`QUESTION_ID`) VALUES (1,NULL,0,'Municipal',2);
INSERT INTO `CHOICE` (`ID`,`LEVEL`,`NEXTLEVEL`,`TEXT`,`QUESTION_ID`) VALUES (2,NULL,0,'Estadual',2);
INSERT INTO `CHOICE` (`ID`,`LEVEL`,`NEXTLEVEL`,`TEXT`,`QUESTION_ID`) VALUES (3,NULL,0,'Federal',2);
INSERT INTO `CHOICE` (`ID`,`LEVEL`,`NEXTLEVEL`,`TEXT`,`QUESTION_ID`) VALUES (4,NULL,0,'Privada',2);
INSERT INTO `CHOICE` (`ID`,`LEVEL`,`NEXTLEVEL`,`TEXT`,`QUESTION_ID`) VALUES (5,NULL,0,'Fundamental A',3);
INSERT INTO `CHOICE` (`ID`,`LEVEL`,`NEXTLEVEL`,`TEXT`,`QUESTION_ID`) VALUES (6,NULL,0,'Fundamental B',3);
INSERT INTO `CHOICE` (`ID`,`LEVEL`,`NEXTLEVEL`,`TEXT`,`QUESTION_ID`) VALUES (7,NULL,0,'Médio',3);
INSERT INTO `CHOICE` (`ID`,`LEVEL`,`NEXTLEVEL`,`TEXT`,`QUESTION_ID`) VALUES (8,NULL,0,'Técnico',3);
INSERT INTO `CHOICE` (`ID`,`LEVEL`,`NEXTLEVEL`,`TEXT`,`QUESTION_ID`) VALUES (9,NULL,0,'Superior ou Tecnológico',3);
INSERT INTO `CHOICE` (`ID`,`LEVEL`,`NEXTLEVEL`,`TEXT`,`QUESTION_ID`) VALUES (10,NULL,0,'Pós-graduação',3);
INSERT INTO `CHOICE` (`ID`,`LEVEL`,`NEXTLEVEL`,`TEXT`,`QUESTION_ID`) VALUES (11,1,0,'Fundamental',4);
INSERT INTO `CHOICE` (`ID`,`LEVEL`,`NEXTLEVEL`,`TEXT`,`QUESTION_ID`) VALUES (12,1,2,'Médio',4);
INSERT INTO `CHOICE` (`ID`,`LEVEL`,`NEXTLEVEL`,`TEXT`,`QUESTION_ID`) VALUES (13,1,2,'Magistério',4);
INSERT INTO `CHOICE` (`ID`,`LEVEL`,`NEXTLEVEL`,`TEXT`,`QUESTION_ID`) VALUES (14,1,2,'Técnico',4);
INSERT INTO `CHOICE` (`ID`,`LEVEL`,`NEXTLEVEL`,`TEXT`,`QUESTION_ID`) VALUES (15,2,3,'Tecnólogo',4);
INSERT INTO `CHOICE` (`ID`,`LEVEL`,`NEXTLEVEL`,`TEXT`,`QUESTION_ID`) VALUES (16,2,3,'Bacharel',4);
INSERT INTO `CHOICE` (`ID`,`LEVEL`,`NEXTLEVEL`,`TEXT`,`QUESTION_ID`) VALUES (17,2,3,'Licenciatura',4);
INSERT INTO `CHOICE` (`ID`,`LEVEL`,`NEXTLEVEL`,`TEXT`,`QUESTION_ID`) VALUES (18,3,0,'Mestre',4);
INSERT INTO `CHOICE` (`ID`,`LEVEL`,`NEXTLEVEL`,`TEXT`,`QUESTION_ID`) VALUES (19,3,0,'Doutor',4);
INSERT INTO `CHOICE` (`ID`,`LEVEL`,`NEXTLEVEL`,`TEXT`,`QUESTION_ID`) VALUES (20,3,0,'Pós-doutor ',4);
INSERT INTO `CHOICE` (`ID`,`LEVEL`,`NEXTLEVEL`,`TEXT`,`QUESTION_ID`) VALUES (21,NULL,0,'Ciências agrárias',5);
INSERT INTO `CHOICE` (`ID`,`LEVEL`,`NEXTLEVEL`,`TEXT`,`QUESTION_ID`) VALUES (22,NULL,0,'Ciências biológicas',5);
INSERT INTO `CHOICE` (`ID`,`LEVEL`,`NEXTLEVEL`,`TEXT`,`QUESTION_ID`) VALUES (23,NULL,0,'Ciências da saúde',5);
INSERT INTO `CHOICE` (`ID`,`LEVEL`,`NEXTLEVEL`,`TEXT`,`QUESTION_ID`) VALUES (24,NULL,0,'Ciências exatas e da terra',5);
INSERT INTO `CHOICE` (`ID`,`LEVEL`,`NEXTLEVEL`,`TEXT`,`QUESTION_ID`) VALUES (25,NULL,0,'Ciências humanas',5);
INSERT INTO `CHOICE` (`ID`,`LEVEL`,`NEXTLEVEL`,`TEXT`,`QUESTION_ID`) VALUES (26,NULL,0,'Ciências sociais aplicadas',5);
INSERT INTO `CHOICE` (`ID`,`LEVEL`,`NEXTLEVEL`,`TEXT`,`QUESTION_ID`) VALUES (27,NULL,0,'Engenharias',5);
INSERT INTO `CHOICE` (`ID`,`LEVEL`,`NEXTLEVEL`,`TEXT`,`QUESTION_ID`) VALUES (28,NULL,0,'Linguística, letras e artes',5);
INSERT INTO `CHOICE` (`ID`,`LEVEL`,`NEXTLEVEL`,`TEXT`,`QUESTION_ID`) VALUES (29,NULL,0,'Sim',38);
INSERT INTO `CHOICE` (`ID`,`LEVEL`,`NEXTLEVEL`,`TEXT`,`QUESTION_ID`) VALUES (30,NULL,0,'Não',38);
INSERT INTO `CHOICE` (`ID`,`LEVEL`,`NEXTLEVEL`,`TEXT`,`QUESTION_ID`) VALUES (31,NULL,0,'Nenhuma das minhas práticas foi alterada na pandemia',38);
INSERT INTO `CHOICE` (`ID`,`LEVEL`,`NEXTLEVEL`,`TEXT`,`QUESTION_ID`) VALUES (32,NULL,0,'Mídias sociais particulares (Facebook, Instagram, WhatsApp, etc.)',39);
INSERT INTO `CHOICE` (`ID`,`LEVEL`,`NEXTLEVEL`,`TEXT`,`QUESTION_ID`) VALUES (33,NULL,0,'Mídias sociais institucionais (Facebook, Instagram, WhatsApp, etc.)',39);
INSERT INTO `CHOICE` (`ID`,`LEVEL`,`NEXTLEVEL`,`TEXT`,`QUESTION_ID`) VALUES (34,NULL,0,'Ferramentas de comunicação (Blog, e-mail, SMS, etc.)',39);
INSERT INTO `CHOICE` (`ID`,`LEVEL`,`NEXTLEVEL`,`TEXT`,`QUESTION_ID`) VALUES (35,NULL,0,'Ambientes Virtuais de Aprendizagem (Moodle, Google Classroom, etc.)',39);
INSERT INTO `CHOICE` (`ID`,`LEVEL`,`NEXTLEVEL`,`TEXT`,`QUESTION_ID`) VALUES (36,NULL,0,'Salas de Vídeo conferência (Zoom, Microsoft Teams, GoogleMeeting, etc.)',39);
INSERT INTO `CHOICE` (`ID`,`LEVEL`,`NEXTLEVEL`,`TEXT`,`QUESTION_ID`) VALUES (37,NULL,0,'Vídeos (YouTube, Vimeo, Vevo, etc.)',39);
INSERT INTO `CHOICE` (`ID`,`LEVEL`,`NEXTLEVEL`,`TEXT`,`QUESTION_ID`) VALUES (38,NULL,0,'Conteúdo em nuvem (Dropbox, Google Drive, Prezi, etc.)',39);
INSERT INTO `CHOICE` (`ID`,`LEVEL`,`NEXTLEVEL`,`TEXT`,`QUESTION_ID`) VALUES (39,NULL,0,'Nenhuma',39);
INSERT INTO `CHOICE` (`ID`,`LEVEL`,`NEXTLEVEL`,`TEXT`,`QUESTION_ID`) VALUES (40,NULL,0,'Masculino',40);
INSERT INTO `CHOICE` (`ID`,`LEVEL`,`NEXTLEVEL`,`TEXT`,`QUESTION_ID`) VALUES (41,NULL,0,'Feminino',40);
INSERT INTO `CHOICE` (`ID`,`LEVEL`,`NEXTLEVEL`,`TEXT`,`QUESTION_ID`) VALUES (42,NULL,0,'Outros',40);
INSERT INTO `CHOICE` (`ID`,`LEVEL`,`NEXTLEVEL`,`TEXT`,`QUESTION_ID`) VALUES (43,NULL,0,'Prefiro não informar',40);
