INSERT INTO `SESSION` (`ID`,`TITLE`) VALUES (1,'Práticas pedagógicas antes, durante e pós pandemia');
INSERT INTO `SESSION` (`ID`,`TITLE`) VALUES (2,'Caracterização das atividades');
INSERT INTO `SESSION` (`ID`,`TITLE`) VALUES (3,'Conhecimento pedagógico');
INSERT INTO `SESSION` (`ID`,`TITLE`) VALUES (4,'Conhecimento de conteúdo');
INSERT INTO `SESSION` (`ID`,`TITLE`) VALUES (5,'Conhecimento em tecnologia');
INSERT INTO `SESSION` (`ID`,`TITLE`) VALUES (6,'Conhecimento pedagógico do conteúdo');
INSERT INTO `SESSION` (`ID`,`TITLE`) VALUES (7,'Conhecimento pedagógico tecnológico ');
INSERT INTO `SESSION` (`ID`,`TITLE`) VALUES (8,'Conhecimento do conteúdo tecnológico');
INSERT INTO `SESSION` (`ID`,`TITLE`) VALUES (9,'Conhecimento pedagógico tecnológico do conteúdo');
INSERT INTO `SESSION` (`ID`,`TITLE`) VALUES (10,'Uso de Tecnologia Digital de Informação e Comunicação ');
INSERT INTO `SESSION` (`ID`,`TITLE`) VALUES (11,'Caracterização do respondente');
INSERT INTO `SESSION` (`ID`,`TITLE`) VALUES (12,'Encerramento');

INSERT INTO `QUESTION` (`ID`,`NOTE`,`TEXT`,`TYPE`,`SESSION_ID`) VALUES (1,NULL,'Esta pesquisa aborda as práticas pedagógicas e os impactos causados pela pandemia. Ao responder essa pesquisa, você contribui com a identificação \r\nde práticas utilizadas neste período e impacto que estas sofreram, identificando o surgimento de novas abordagens \r\ne adaptação de outras consolidadas entre professores e estudantes.\r\n</br></br>\r\nO tempo de preenchimento é de aproximadamente 8 minutos. Os seus dados de identificação não serão coletados e suas \r\nrespostas serão confidenciais, permanecerão em sigilo de pesquisa e não serão divulgadas individualmente.</br></br>\r\nO IFRS e seus pesquisadores agradecem sua contribuição. A coleta de dados foi distribuída entre professores por meio \r\nde mídias sociais. Ampliando o retrato das alterações das práticas pedagógicas e seus impactos.</br></br>\r\nSua opinião irá contribuir com a identificação de práticas pedagógicas pós-pandemia. Ao final da pesquisa, se tiver \r\ninteresse em receber o relatório do estudo sem custo, deixe seu e-mail.\r\nO termo de consentimento livre e esclarecido se encontra disponível \r\n<a href=\"https://drive.google.com/file/d/1gENXo26_iqWtOCE3c7b-vvJ8zY0Q6A3c/view?usp=sharing\">aqui</a>, ao clicar em \r\nprosseguir você aceita os termos de coleta dessa pesquisa.\r\n</br></br>\r\nAgradecemos sua contribuição!',7,1);
INSERT INTO `QUESTION` (`ID`,`NOTE`,`TEXT`,`TYPE`,`SESSION_ID`) VALUES (2,'<span class="font-weight-bold">Nota:</span> você pode marcar mais de uma alternativa','Qual o âmbito da instituição de ensino que você leciona?',2,2);
INSERT INTO `QUESTION` (`ID`,`NOTE`,`TEXT`,`TYPE`,`SESSION_ID`) VALUES (3,'<span class="font-weight-bold">Nota:</span> você pode marcar mais de uma alternativa','Qual o nível de ensino que você atua? ',2,2);
INSERT INTO `QUESTION` (`ID`,`NOTE`,`TEXT`,`TYPE`,`SESSION_ID`) VALUES (4,NULL,'Sobre a sua formação, selecione todas as concluídas:',2,2);
INSERT INTO `QUESTION` (`ID`,`NOTE`,`TEXT`,`TYPE`,`SESSION_ID`) VALUES (5,NULL,'Qual o ano da sua última formação?',4,2);
INSERT INTO `QUESTION` (`ID`,`NOTE`,`TEXT`,`TYPE`,`SESSION_ID`) VALUES (6,NULL,'Qual a área da sua última formação? ',3,2);
INSERT INTO `QUESTION` (`ID`,`NOTE`,`TEXT`,`TYPE`,`SESSION_ID`) VALUES (7,NULL,'Posso adaptar minha abordagem de ensino com base no que os estudantes atualmente entendem',1,3);
INSERT INTO `QUESTION` (`ID`,`NOTE`,`TEXT`,`TYPE`,`SESSION_ID`) VALUES (8,NULL,'Posso adaptar meu método de ensino para diferentes estudantes',1,3);
INSERT INTO `QUESTION` (`ID`,`NOTE`,`TEXT`,`TYPE`,`SESSION_ID`) VALUES (9,NULL,'Posso usar uma ampla variedade de abordagens de ensino em sala de aula',1,3);
INSERT INTO `QUESTION` (`ID`,`NOTE`,`TEXT`,`TYPE`,`SESSION_ID`) VALUES (10,NULL,'Posso avaliar a aprendizagem dos estudantes de várias maneiras',1,3);
INSERT INTO `QUESTION` (`ID`,`NOTE`,`TEXT`,`TYPE`,`SESSION_ID`) VALUES (11,NULL,'Tenho conhecimento suficiente sobre o meu conteúdo de ensino',1,4);
INSERT INTO `QUESTION` (`ID`,`NOTE`,`TEXT`,`TYPE`,`SESSION_ID`) VALUES (12,NULL,'Posso usar uma maneira específica de pensar no meu conteúdo de ensino',1,4);
INSERT INTO `QUESTION` (`ID`,`NOTE`,`TEXT`,`TYPE`,`SESSION_ID`) VALUES (13,NULL,'Conheço as teorias e conceitos básicos do meu conteúdo de ensino',1,4);
INSERT INTO `QUESTION` (`ID`,`NOTE`,`TEXT`,`TYPE`,`SESSION_ID`) VALUES (14,NULL,'Conheço a história e o desenvolvimento de teorias importantes do meu conteúdo de ensino',1,4);
INSERT INTO `QUESTION` (`ID`,`NOTE`,`TEXT`,`TYPE`,`SESSION_ID`) VALUES (15,NULL,'Acompanho novas tecnologias importantes',1,5);
INSERT INTO `QUESTION` (`ID`,`NOTE`,`TEXT`,`TYPE`,`SESSION_ID`) VALUES (16,NULL,'Frequentemente uso tecnologia',1,5);
INSERT INTO `QUESTION` (`ID`,`NOTE`,`TEXT`,`TYPE`,`SESSION_ID`) VALUES (17,NULL,'Conheço muitas tecnologias diferentes',1,5);
INSERT INTO `QUESTION` (`ID`,`NOTE`,`TEXT`,`TYPE`,`SESSION_ID`) VALUES (18,NULL,'Tenho habilidades técnicas necessárias para usar tecnologia',1,5);
INSERT INTO `QUESTION` (`ID`,`NOTE`,`TEXT`,`TYPE`,`SESSION_ID`) VALUES (19,NULL,'Eu sei como selecionar abordagens de ensino eficazes para orientar o pensamento e a aprendizagem do meu conteúdo de ensino',1,6);
INSERT INTO `QUESTION` (`ID`,`NOTE`,`TEXT`,`TYPE`,`SESSION_ID`) VALUES (20,NULL,'Eu sei como desenvolver tarefas apropriadas para possibilitar aos estudantes um pensamento complexo do meu conteúdo de ensino',1,6);
INSERT INTO `QUESTION` (`ID`,`NOTE`,`TEXT`,`TYPE`,`SESSION_ID`) VALUES (21,NULL,'Eu sei como desenvolver exercícios com os quais os estudantes podem consolidar seus conhecimentos sobre o meu conteúdo de ensino',1,6);
INSERT INTO `QUESTION` (`ID`,`NOTE`,`TEXT`,`TYPE`,`SESSION_ID`) VALUES (22,NULL,'Eu sei como avaliar o desempenho dos estudantes no meu conteúdo de ensino',1,6);
INSERT INTO `QUESTION` (`ID`,`NOTE`,`TEXT`,`TYPE`,`SESSION_ID`) VALUES (23,NULL,'Posso escolher tecnologias que aprimorem as abordagens de ensino para uma aula',1,7);
INSERT INTO `QUESTION` (`ID`,`NOTE`,`TEXT`,`TYPE`,`SESSION_ID`) VALUES (24,NULL,'Posso escolher tecnologias que aprimoram o aprendizado dos estudantes para uma aula',1,7);
INSERT INTO `QUESTION` (`ID`,`NOTE`,`TEXT`,`TYPE`,`SESSION_ID`) VALUES (25,NULL,'Posso adaptar o uso das tecnologias que estou aprendendo a diferentes atividades de ensino',1,7);
INSERT INTO `QUESTION` (`ID`,`NOTE`,`TEXT`,`TYPE`,`SESSION_ID`) VALUES (26,NULL,'Estou pensando criticamente sobre como usar tecnologia na minha sala de aula',1,7);
INSERT INTO `QUESTION` (`ID`,`NOTE`,`TEXT`,`TYPE`,`SESSION_ID`) VALUES (27,NULL,'Eu sei como os desenvolvimentos tecnológicos mudaram a área do meu assunto',1,8);
INSERT INTO `QUESTION` (`ID`,`NOTE`,`TEXT`,`TYPE`,`SESSION_ID`) VALUES (28,NULL,'Posso explicar quais tecnologias foram usadas em pesquisas na minha área',1,8);
INSERT INTO `QUESTION` (`ID`,`NOTE`,`TEXT`,`TYPE`,`SESSION_ID`) VALUES (29,NULL,'Eu sei quais novas tecnologias estão sendo desenvolvidas atualmente na área do meu assunto',1,8);
INSERT INTO `QUESTION` (`ID`,`NOTE`,`TEXT`,`TYPE`,`SESSION_ID`) VALUES (30,NULL,'Eu sei como usar tecnologias para participar de debates científicos na minha área',1,8);
INSERT INTO `QUESTION` (`ID`,`NOTE`,`TEXT`,`TYPE`,`SESSION_ID`) VALUES (31,NULL,'Posso usar estratégias que combinam conteúdo, tecnologias e abordagens de ensino que aprendi em meus cursos na sala de aula',1,9);
INSERT INTO `QUESTION` (`ID`,`NOTE`,`TEXT`,`TYPE`,`SESSION_ID`) VALUES (32,NULL,'Posso escolher tecnologias que aprimoram o conteúdo de uma aula',1,9);
INSERT INTO `QUESTION` (`ID`,`NOTE`,`TEXT`,`TYPE`,`SESSION_ID`) VALUES (33,NULL,'Posso selecionar tecnologias para uso em minha sala de aula que aprimoram o que eu ensino, como ensino e o que os estudantes aprendem',1,9);
INSERT INTO `QUESTION` (`ID`,`NOTE`,`TEXT`,`TYPE`,`SESSION_ID`) VALUES (34,NULL,'Posso ensinar lições que combinam adequadamente o meu conteúdo de ensino, tecnologias e abordagens de ensino',1,9);
INSERT INTO `QUESTION` (`ID`,`NOTE`,`TEXT`,`TYPE`,`SESSION_ID`) VALUES (35,NULL,'A exposição durante o período pandêmico à Tecnologia Digital de Informação e Comunicação alterou significativamente as suas atividades pedagógicas',1,10);
INSERT INTO `QUESTION` (`ID`,`NOTE`,`TEXT`,`TYPE`,`SESSION_ID`) VALUES (36,NULL,'As Tecnologias Digitais de Informação e Comunicação utilizadas na prática docente, proporcionaram melhorias nos processos pedagógicos',1,10);
INSERT INTO `QUESTION` (`ID`,`NOTE`,`TEXT`,`TYPE`,`SESSION_ID`) VALUES (37,NULL,'As Tecnologias Digitais de Informação e Comunicação utilizadas na prática docente, proporcionaram maior engajamento dos estudantes',1,10);
INSERT INTO `QUESTION` (`ID`,`NOTE`,`TEXT`,`TYPE`,`SESSION_ID`) VALUES (38,NULL,'Você acredita que alguma de suas práticas pedagógicas no pós-pandemia permanecerão com as alterações tecnológicas realizadas durante o período de pandemia?',3,10);
INSERT INTO `QUESTION` (`ID`,`NOTE`,`TEXT`,`TYPE`,`SESSION_ID`) VALUES (39,'<span class="font-weight-bold">Nota:</span> você pode marcar mais de uma alternativa','Assinale as opções de ferramentas on-line utilizadas nas práticas pedagógicas durante a pandemia que você pretende continuar aplicando no pós-pandemia',2,10);
INSERT INTO `QUESTION` (`ID`,`NOTE`,`TEXT`,`TYPE`,`SESSION_ID`) VALUES (40,NULL,'Gênero',2,11);
INSERT INTO `QUESTION` (`ID`,`NOTE`,`TEXT`,`TYPE`,`SESSION_ID`) VALUES (41,NULL,'Idade (em anos)',5,11);
INSERT INTO `QUESTION` (`ID`,`NOTE`,`TEXT`,`TYPE`,`SESSION_ID`) VALUES (42,NULL,'Região: estado e município',6,11);
INSERT INTO `QUESTION` (`ID`,`NOTE`,`TEXT`,`TYPE`,`SESSION_ID`) VALUES (43,NULL,'',8,12);

INSERT INTO `CHOICE` (`ID`,`TEXT`,`QUESTION_ID`) VALUES (1,'Municipal',2);
INSERT INTO `CHOICE` (`ID`,`TEXT`,`QUESTION_ID`) VALUES (2,'Estadual',2);
INSERT INTO `CHOICE` (`ID`,`TEXT`,`QUESTION_ID`) VALUES (3,'Federal',2);
INSERT INTO `CHOICE` (`ID`,`TEXT`,`QUESTION_ID`) VALUES (4,'Privada',2);
INSERT INTO `CHOICE` (`ID`,`TEXT`,`QUESTION_ID`) VALUES (5,'Fundamental A',3);
INSERT INTO `CHOICE` (`ID`,`TEXT`,`QUESTION_ID`) VALUES (6,'Fundamental B',3);
INSERT INTO `CHOICE` (`ID`,`TEXT`,`QUESTION_ID`) VALUES (7,'Médio',3);
INSERT INTO `CHOICE` (`ID`,`TEXT`,`QUESTION_ID`) VALUES (8,'Técnico',3);
INSERT INTO `CHOICE` (`ID`,`TEXT`,`QUESTION_ID`) VALUES (9,'Tecnológico ou Superior',3);
INSERT INTO `CHOICE` (`ID`,`TEXT`,`QUESTION_ID`) VALUES (10,'Pós-graduação',3);
INSERT INTO `CHOICE` (`ID`,`TEXT`,`QUESTION_ID`) VALUES (11,'Fundamental',4);
INSERT INTO `CHOICE` (`ID`,`TEXT`,`QUESTION_ID`) VALUES (12,'Médio',4);
INSERT INTO `CHOICE` (`ID`,`TEXT`,`QUESTION_ID`) VALUES (13,'Magistério',4);
INSERT INTO `CHOICE` (`ID`,`TEXT`,`QUESTION_ID`) VALUES (14,'Técnico',4);
INSERT INTO `CHOICE` (`ID`,`TEXT`,`QUESTION_ID`) VALUES (15,'Tecnólogo',4);
INSERT INTO `CHOICE` (`ID`,`TEXT`,`QUESTION_ID`) VALUES (16,'Bacharel',4);
INSERT INTO `CHOICE` (`ID`,`TEXT`,`QUESTION_ID`) VALUES (17,'Licenciatura',4);
INSERT INTO `CHOICE` (`ID`,`TEXT`,`QUESTION_ID`) VALUES (18,'Mestre',3);
INSERT INTO `CHOICE` (`ID`,`TEXT`,`QUESTION_ID`) VALUES (19,'Doutor',4);
INSERT INTO `CHOICE` (`ID`,`TEXT`,`QUESTION_ID`) VALUES (20,'Pós-doutor ',4);
INSERT INTO `CHOICE` (`ID`,`TEXT`,`QUESTION_ID`) VALUES (21,'Ciências agrárias',6);
INSERT INTO `CHOICE` (`ID`,`TEXT`,`QUESTION_ID`) VALUES (22,'Ciências biológicas',6);
INSERT INTO `CHOICE` (`ID`,`TEXT`,`QUESTION_ID`) VALUES (23,'Ciências da saúde',6);
INSERT INTO `CHOICE` (`ID`,`TEXT`,`QUESTION_ID`) VALUES (24,'Ciências exatas e da terra',6);
INSERT INTO `CHOICE` (`ID`,`TEXT`,`QUESTION_ID`) VALUES (25,'Ciências humanas',6);
INSERT INTO `CHOICE` (`ID`,`TEXT`,`QUESTION_ID`) VALUES (26,'Ciências sociais aplicadas',6);
INSERT INTO `CHOICE` (`ID`,`TEXT`,`QUESTION_ID`) VALUES (27,'Engenharias',6);
INSERT INTO `CHOICE` (`ID`,`TEXT`,`QUESTION_ID`) VALUES (28,'Linguística, letras e artes',6);
INSERT INTO `CHOICE` (`ID`,`TEXT`,`QUESTION_ID`) VALUES (29,'Sim',38);
INSERT INTO `CHOICE` (`ID`,`TEXT`,`QUESTION_ID`) VALUES (30,'Não',38);
INSERT INTO `CHOICE` (`ID`,`TEXT`,`QUESTION_ID`) VALUES (31,'Nenhuma das minhas práticas foi alterada na pandemia',38);
INSERT INTO `CHOICE` (`ID`,`TEXT`,`QUESTION_ID`) VALUES (32,'Mídias sociais particulares (Facebook, Instagram, WhatsApp, etc.)',39);
INSERT INTO `CHOICE` (`ID`,`TEXT`,`QUESTION_ID`) VALUES (33,'Mídias sociais institucionais (Facebook, Instagram, WhatsApp, etc.)',39);
INSERT INTO `CHOICE` (`ID`,`TEXT`,`QUESTION_ID`) VALUES (34,'Ferramentas de comunicação (Blog, e-mail, SMS, etc.)',39);
INSERT INTO `CHOICE` (`ID`,`TEXT`,`QUESTION_ID`) VALUES (35,'Ambientes Virtuais de Aprendizagem (Moodle, Google Classroom, etc.)',39);
INSERT INTO `CHOICE` (`ID`,`TEXT`,`QUESTION_ID`) VALUES (36,'Salas de Vídeo conferência (Zoom, Microsoft Teams, GoogleMeeting, etc.)',39);
INSERT INTO `CHOICE` (`ID`,`TEXT`,`QUESTION_ID`) VALUES (37,'Vídeos (YouTube, Vimeo, Vevo, etc.)',39);
INSERT INTO `CHOICE` (`ID`,`TEXT`,`QUESTION_ID`) VALUES (38,'Conteúdo em nuvem (Dropbox, Google Drive, Prezi, etc.)',39);
INSERT INTO `CHOICE` (`ID`,`TEXT`,`QUESTION_ID`) VALUES (39,'Nenhuma',39);
INSERT INTO `CHOICE` (`ID`,`TEXT`,`QUESTION_ID`) VALUES (40,'Masculino',40);
INSERT INTO `CHOICE` (`ID`,`TEXT`,`QUESTION_ID`) VALUES (41,'Feminino',40);
INSERT INTO `CHOICE` (`ID`,`TEXT`,`QUESTION_ID`) VALUES (42,'Outros',40);
INSERT INTO `CHOICE` (`ID`,`TEXT`,`QUESTION_ID`) VALUES (43,'Prefiro não informar',40);
